,Drug Regimen,Mouse ID,Timepoint,Tumor Volume (mm3)
0,Capomulin,b128,0,45.0
1,Capomulin,b128,5,45.65133131
2,Capomulin,b128,10,43.2708519
3,Capomulin,b128,15,43.78489343
4,Capomulin,b128,20,42.731552
5,Capomulin,b128,25,43.26214483
6,Capomulin,b128,30,40.60533486
7,Capomulin,b128,35,37.96764437
8,Capomulin,b128,40,38.3797259
9,Capomulin,b128,45,38.98287774
10,Ketapril,f932,0,45.0
11,Ketapril,g107,0,45.0
12,Ketapril,g107,5,48.79166496
13,Ketapril,g107,10,53.43598668
14,Ketapril,g107,15,58.13554485
15,Ketapril,g107,20,62.70603145
16,Ketapril,g107,25,64.66362579
17,Ketapril,g107,30,69.16051982
18,Ketapril,g107,35,71.90511721
19,Ketapril,a457,0,45.0
20,Ketapril,a457,5,47.462891
21,Ketapril,a457,10,49.78341894
22,Ketapril,c819,0,45.0
23,Ketapril,c819,5,45.76924864
24,Ketapril,c819,10,46.65839527
25,Ketapril,c819,15,48.37099912
26,Ketapril,c819,20,49.76241475
27,Ketapril,c819,25,51.82835706
28,Ketapril,c819,30,56.09899820000001
29,Ketapril,c819,35,57.72953466
30,Ketapril,c819,40,62.17570465
31,Ketapril,h246,0,45.0
32,Ketapril,h246,5,49.47041702
33,Ketapril,h246,10,51.36886216
34,Ketapril,h246,15,56.18432701
35,Ketapril,h246,20,57.93591218
36,Ketapril,h246,25,59.5488537
37,Ketapril,h246,30,63.59960954
38,Ketapril,h246,35,67.2112701
39,Ketapril,h246,40,71.15083468
40,Ketapril,h246,45,74.10408567
41,Ketapril,p189,0,45.0
42,Ketapril,p189,5,49.04870704
43,Ketapril,p189,10,51.58216168
44,Ketapril,p189,15,53.6755415
45,Ketapril,p189,20,56.53020447
46,Ketapril,p189,25,62.10895956
47,Ketapril,p189,30,67.10453665
48,Ketapril,p189,35,67.87377675
49,Ketapril,p189,40,74.10609077
50,Ketapril,p189,45,75.2949359
51,Ketapril,n923,0,45.0
52,Ketapril,n923,5,45.82488099
53,Ketapril,n923,10,48.79194986
54,Ketapril,n923,15,51.73870623
55,Ketapril,n923,20,52.59920611
56,Ketapril,n923,25,56.85546498
57,Ketapril,n923,30,59.63256052
58,Ketapril,n923,35,60.35629432
59,Ketapril,n923,40,66.22960554
60,Ketapril,q119,0,45.0
61,Ketapril,q119,5,47.86444
62,Ketapril,q119,10,51.23660557
63,Naftisol,f993,0,45.0
64,Naftisol,f993,5,46.39575966
65,Naftisol,f993,10,48.18537323
66,Naftisol,f993,15,49.10697473
67,Naftisol,f993,20,52.07951009
68,Naftisol,z234,0,45.0
69,Naftisol,z234,5,46.12935706
70,Naftisol,b559,0,45.0
71,Naftisol,b559,5,47.40989731
72,Naftisol,b559,10,48.03643202
73,Naftisol,b559,15,51.37886229
74,Naftisol,b559,20,55.65445572
75,Naftisol,b559,25,57.04366929
76,Naftisol,b559,30,61.19038663
77,Naftisol,b559,35,65.70576275
78,Naftisol,b559,40,69.96961645
79,Naftisol,b559,45,73.05136339
80,Ketapril,y260,0,45.0
81,Ketapril,y260,5,46.79983867
82,Ketapril,y260,10,48.08180678
83,Ketapril,y260,15,50.19615224
84,Ketapril,y260,20,50.72958174
85,Ketapril,y260,25,54.43756172
86,Ketapril,y260,30,58.58267634
87,Ketapril,y260,35,59.60355821
88,Ketapril,y260,40,60.91417627
89,Ketapril,y260,45,62.90944062
90,Naftisol,x930,0,45.0
91,Naftisol,x930,5,46.07823375
92,Naftisol,x930,10,50.26069441
93,Naftisol,x930,15,51.97376864
94,Naftisol,x930,20,52.55606575
95,Naftisol,x930,25,53.72610129999999
96,Naftisol,o725,0,45.0
97,Naftisol,o725,5,46.88982098
98,Naftisol,o725,10,48.199452
99,Naftisol,o725,15,50.01507902
100,Naftisol,z969,0,45.0
101,Naftisol,z969,5,49.33299873
102,Naftisol,z969,10,52.65608148
103,Naftisol,z969,15,54.71300452
104,Naftisol,z969,20,57.89877823
105,Naftisol,z969,25,63.14565213
106,Naftisol,z969,30,65.84101274
107,Naftisol,z969,35,69.17624607
108,Naftisol,z969,40,70.31490411
109,Naftisol,z969,45,73.86784476
110,Naftisol,v835,0,45.0
111,Naftisol,v835,5,47.15601071
112,Naftisol,v835,10,48.96591797
113,Naftisol,v835,15,50.54520646
114,Naftisol,v835,20,51.29654266
115,Naftisol,r604,0,45.0
116,Naftisol,r604,5,47.06774448
117,Naftisol,r604,10,48.78655957
118,Naftisol,r604,15,51.07452073
119,Naftisol,r604,20,51.90275292
120,Naftisol,r604,25,52.93685812
121,Naftisol,r604,30,54.68821536
122,Naftisol,r604,35,59.21700015
123,Naftisol,r604,40,60.18611531
124,Naftisol,r604,45,62.67075904
125,Naftisol,n304,0,45.0
126,Naftisol,n304,5,46.43121629
127,Naftisol,n304,10,47.20125097
128,Naftisol,n304,15,48.47797895
129,Naftisol,n304,20,49.25330863
130,Naftisol,n304,25,53.97085924
131,Naftisol,n304,30,55.03901985
132,Naftisol,n304,35,57.12241926
133,Naftisol,n304,40,59.83050667
134,Naftisol,n304,45,63.58639514
135,Naftisol,l700,0,45.0
136,Naftisol,l700,5,45.91837165
137,Naftisol,l700,10,47.01356652
138,Naftisol,l700,15,49.04022529
139,Naftisol,l700,20,50.73476811
140,Naftisol,l700,25,54.23450181
141,Naftisol,l700,30,56.653215
142,Naftisol,l700,35,61.46260354
143,Naftisol,l700,40,62.98667798
144,Naftisol,l700,45,63.94664044
145,Naftisol,x336,0,45.0
146,Naftisol,l725,0,45.0
147,Naftisol,l725,5,48.73631881
148,Naftisol,l725,10,50.82391154
149,Naftisol,l725,15,54.24456268
150,Naftisol,l725,20,59.61515479999999
151,Naftisol,l725,25,65.00882889
152,Naftisol,l725,30,66.59954515
153,Naftisol,l725,35,69.12570173
154,Naftisol,l725,40,73.69349382
155,Naftisol,l725,45,76.66881742
156,Naftisol,m133,0,45.0
157,Naftisol,m133,5,46.62130127
158,Naftisol,m133,10,47.50333803
159,Naftisol,m133,15,48.6652074
160,Naftisol,m133,20,52.63688249
161,Naftisol,m133,25,54.08243662
162,Naftisol,v295,0,45.0
163,Naftisol,v295,5,46.11181797
164,Naftisol,v295,10,47.53946216
165,Naftisol,v295,15,50.66605391
166,Naftisol,v295,20,55.73137535
167,Naftisol,v295,25,57.69185918
168,Naftisol,v295,30,59.33377202
169,Naftisol,v295,35,61.89315267
170,Naftisol,v295,40,65.46607444
171,Naftisol,a818,0,45.0
172,Naftisol,a818,5,45.69670864
173,Naftisol,a818,10,49.79091948
174,Naftisol,a818,15,51.22756565
175,Naftisol,a818,20,54.8346245
176,Naftisol,a818,25,56.96627332
177,Naftisol,a818,30,60.07237198
178,Naftisol,a818,35,63.29854586
179,Naftisol,a818,40,69.27381374
180,Naftisol,a818,45,74.99776443
181,Naftisol,y601,0,45.0
182,Naftisol,y601,5,48.47500273
183,Naftisol,t724,0,45.0
184,Naftisol,t724,5,46.35925829
185,Naftisol,t724,10,50.70389965
186,Naftisol,t724,15,55.58461724
187,Naftisol,t724,20,57.22940914
188,Naftisol,t724,25,59.82606797
189,Naftisol,t724,30,64.2345947
190,Naftisol,t724,35,67.74432795
191,Naftisol,t724,40,69.72832559
192,Naftisol,t724,45,75.11328801
193,Ketapril,k382,0,45.0
194,Ketapril,k382,5,46.27499735
195,Ketapril,k382,10,50.18096763
196,Ketapril,k382,15,54.42916821
197,Ketapril,k382,20,57.82435071
198,Ketapril,k382,25,59.50390392
199,Ketapril,k382,30,63.46944155
200,Ketapril,k382,35,66.07918483
201,Ketapril,k382,40,67.42095521
202,Ketapril,k382,45,73.71561899999999
203,Ketapril,w422,0,45.0
204,Ketapril,w422,5,48.45745927
205,Ketapril,w422,10,49.93597024
206,Ketapril,w422,15,52.24630985
207,Ketapril,w422,20,53.67624336
208,Ketapril,w422,25,56.95791715
209,Ketapril,w422,30,60.09663467
210,Ketapril,w422,35,61.40961994
211,Ketapril,w422,40,63.07258467
212,Ketapril,w422,45,67.98953001
213,Infubinol,c326,0,45.0
214,Infubinol,c326,5,36.321345799999996
215,Infubinol,c139,0,45.0
216,Infubinol,c139,5,48.75311208
217,Infubinol,c139,10,49.99295391
218,Infubinol,c139,15,51.8332246
219,Infubinol,c139,20,56.74200681
220,Infubinol,c139,25,61.46196976
221,Infubinol,c139,30,64.14987077
222,Infubinol,c139,35,67.82141969
223,Infubinol,c139,40,69.42814095
224,Infubinol,c139,45,72.2267309
225,Infubinol,v339,0,45.0
226,Infubinol,v339,5,46.25011212
227,Infubinol,a577,0,45.0
228,Infubinol,a577,5,46.197719899999996
229,Infubinol,a577,10,49.5096389
230,Infubinol,a577,15,50.91500662
231,Infubinol,a577,20,52.36518457
232,Infubinol,a577,25,54.38093154
233,Infubinol,a577,30,57.03186187
234,Infubinol,y163,0,45.0
235,Infubinol,y163,5,48.28497016
236,Infubinol,y163,10,49.112399100000005
237,Infubinol,y163,15,51.52306843
238,Infubinol,y163,20,54.57107607
239,Infubinol,y163,25,56.17638452
240,Infubinol,y163,30,59.41253724
241,Infubinol,y163,35,61.73019562
242,Infubinol,y163,40,63.62067958
243,Infubinol,y163,45,67.68556862
244,Infubinol,k483,0,45.0
245,Infubinol,k483,5,46.61105571
246,Infubinol,k483,10,50.29604123
247,Infubinol,k483,15,53.24445813
248,Infubinol,k483,20,54.77896052
249,Infubinol,k483,25,57.43200731
250,Infubinol,k483,30,59.74707708
251,Infubinol,k483,35,60.54156159
252,Infubinol,k483,40,64.13872489
253,Infubinol,k483,45,66.19691151
254,Infubinol,k804,0,45.0
255,Infubinol,k804,5,48.26620364
256,Infubinol,k804,10,49.47124419
257,Infubinol,k804,15,50.47761824
258,Infubinol,k804,20,54.48451945
259,Infubinol,k804,25,55.67480798
260,Infubinol,k804,30,59.24061511
261,Infubinol,k804,35,62.11727887
262,Infubinol,o809,0,45.0
263,Infubinol,o809,5,46.87724316
264,Infubinol,o809,10,48.6707318
265,Infubinol,o809,15,49.68344504
266,Infubinol,o809,20,50.33655288
267,Infubinol,o809,25,52.31817407
268,Infubinol,o809,30,54.832628799999995
269,Infubinol,o809,35,55.62942846
270,Infubinol,z581,0,45.0
271,Infubinol,z581,5,49.27309187
272,Infubinol,z581,10,50.47875016
273,Infubinol,z581,15,51.1963042
274,Infubinol,z581,20,51.80794416
275,Infubinol,z581,25,54.31640682
276,Infubinol,z581,30,56.28674991
277,Infubinol,z581,35,58.62839878
278,Infubinol,z581,40,60.05373963
279,Infubinol,z581,45,62.75445141
280,Infubinol,a251,0,45.0
281,Infubinol,a251,5,46.98212719
282,Infubinol,a251,10,48.59117901
283,Infubinol,a251,15,50.53445603
284,Infubinol,a251,20,54.46259376
285,Infubinol,a251,25,57.41464570000001
286,Infubinol,a251,30,59.86124129
287,Infubinol,a251,35,60.90388455
288,Infubinol,a251,40,63.09507565
289,Infubinol,a251,45,65.52574285
290,Infubinol,i386,0,45.0
291,Infubinol,i386,5,46.85369669
292,Infubinol,i386,10,49.86154739
293,Infubinol,i386,15,51.73656088
294,Infubinol,i386,20,55.08772445
295,Infubinol,i386,25,56.68786392
296,Infubinol,i386,30,59.13364029
297,Infubinol,i386,35,64.92542037
298,Infubinol,i386,40,67.28962147
299,Ketapril,c580,0,45.0
300,Ketapril,c580,5,46.62845479999999
301,Ketapril,c580,10,47.57017382
302,Ketapril,c580,15,51.991708
303,Ketapril,c580,20,55.57532195
304,Ketapril,c580,25,56.28906231
305,Ketapril,c580,30,58.04656941
306,Infubinol,q132,0,45.0
307,Infubinol,q132,5,46.7163985
308,Infubinol,q132,10,47.95384377
309,Infubinol,q132,15,49.15974862
310,Infubinol,q132,20,51.90902494
311,Infubinol,q132,25,52.78048929999999
312,Infubinol,q132,30,54.65654872
313,Ketapril,u327,0,45.0
314,Ketapril,u327,5,45.69418805
315,Ketapril,u327,10,49.23525948
316,Ketapril,u327,15,50.65996437
317,Ketapril,u327,20,53.18987907
318,Ketapril,u327,25,56.05963409
319,Ketapril,u327,30,57.31407239
320,Ketapril,u327,35,58.08902837
321,Ketapril,u327,40,60.46654541
322,Ketapril,u327,45,66.26880133
323,Ketapril,v603,0,45.0
324,Ketapril,v603,5,46.01600593
325,Ketapril,v603,10,47.8305568
326,Ketapril,v603,15,52.10294744
327,Ketapril,v603,20,53.72124193
328,Ketapril,v603,25,56.07523001
329,Ketapril,v603,30,57.99055378
330,Ketapril,v603,35,63.18943184
331,Ketapril,f278,0,45.0
332,Ketapril,f278,5,48.19457788
333,Ketapril,g497,0,45.0
334,Ketapril,g497,5,48.78206878
335,Ketapril,g497,10,49.6470865
336,Ketapril,g497,15,53.64616804
337,Ketapril,g497,20,55.09699356
338,Ketapril,g497,25,57.52444611
339,Ketapril,g497,30,61.108185999999996
340,Ketapril,g497,35,64.09488929999999
341,Ketapril,g497,40,67.74281406
342,Ketapril,g497,45,69.87225079
343,Ketapril,d474,0,45.0
344,Ketapril,d474,5,45.91835225
345,Ketapril,d474,10,46.97496297
346,Ketapril,d474,15,47.77793584
347,Ketapril,d474,20,51.73149416
348,Ketapril,d474,25,54.27932462
349,Ketapril,d474,30,55.34134157
350,Ketapril,d474,35,56.47911257
351,Ketapril,d474,40,60.23373278
352,Ketapril,o973,0,45.0
353,Ketapril,o973,5,46.71787727
354,Ketapril,o973,10,48.24579043
355,Ketapril,o973,15,49.87193582
356,Ketapril,o973,20,51.956993100000005
357,Ketapril,o973,25,53.17981471
358,Ketapril,o973,30,57.76995952
359,Ketapril,o973,35,60.24221931
360,Ketapril,o973,40,64.48781246
361,Ketapril,c832,0,45.0
362,Ketapril,c832,5,48.68546123
363,Ketapril,c832,10,49.81141262
364,Ketapril,c832,15,52.86453449
365,Ketapril,c832,20,56.71023353
366,Ketapril,c832,25,58.89181644
367,Ketapril,c832,30,60.49637579
368,Ketapril,c832,35,61.12448717
369,Ketapril,c832,40,62.57231816
370,Ketapril,c832,45,65.41595451
371,Ketapril,o331,0,45.0
372,Ketapril,o331,5,47.05966408
373,Ketapril,o331,10,50.12845481
374,Ketapril,o331,15,54.78976769
375,Ketapril,o331,20,58.96572043
376,Ketapril,o331,25,61.10230575
377,Ketapril,o331,30,66.33066347
378,Ketapril,o331,35,70.12623754
379,Ketapril,o331,40,71.44774251
380,Ketapril,o331,45,78.56701362
381,Ketapril,m650,0,45.0
382,Ketapril,m650,5,48.56249492
383,Ketapril,m650,10,50.96899763
384,Ketapril,m650,15,53.14955933
385,Ketapril,m650,20,56.777938799999994
386,Ketapril,m650,25,62.253596900000005
387,Ketapril,m650,30,64.90188755
388,Ketapril,m650,35,69.26574681
389,Ketapril,m650,40,70.79706787
390,Ketapril,m650,45,73.90139912
391,Ketapril,v289,0,45.0
392,Ketapril,v289,5,46.20446003
393,Ketapril,v289,10,48.13348207
394,Ketapril,v289,15,52.60216564
395,Ketapril,v289,20,54.25005397
396,Ketapril,v289,25,56.72009545
397,Ketapril,m550,0,45.0
398,Ketapril,m550,5,49.05409736
399,Ketapril,m550,10,50.54803457
400,Ketapril,m550,15,51.16606544
401,Ketapril,m550,20,53.75794476
402,Ketapril,m550,25,57.62068237
403,Ketapril,m550,30,60.85654272
404,Ketapril,m550,35,62.53915386
405,Ketapril,m550,40,68.21072019
406,Ketapril,m550,45,69.25350312
407,Ketapril,h428,0,45.0
408,Naftisol,r701,0,45.0
409,Naftisol,r701,5,46.88697137
410,Naftisol,r701,10,49.65459636
411,Naftisol,r701,15,52.48480443
412,Naftisol,r701,20,54.11413742
413,Naftisol,r701,25,57.89848998
414,Naftisol,r701,30,60.34181872
415,Naftisol,r701,35,64.73001045
416,Naftisol,r701,40,66.64072178
417,Naftisol,r701,45,69.77854407
418,Naftisol,v199,0,45.0
419,Naftisol,x264,0,45.0
420,Naftisol,x264,5,47.0384145
421,Naftisol,x264,10,47.88712765
422,Naftisol,x264,15,50.00231403
423,Naftisol,x264,20,53.07426973
424,Naftisol,x264,25,56.89105283
425,Naftisol,x264,30,58.15869423
426,Naftisol,x264,35,61.29960778
427,Naftisol,x264,40,63.28328821
428,Stelasyn,f234,0,45.0
429,Stelasyn,f234,5,47.31349062
430,Stelasyn,f234,10,47.90432375
431,Stelasyn,f234,15,48.73519714
432,Stelasyn,f234,20,51.11271293
433,Stelasyn,f234,25,52.17860221
434,Stelasyn,f234,30,56.87381654
435,Stelasyn,f234,35,57.74875831
436,Ramicane,c458,0,45.0
437,Ramicane,c458,5,45.72227949
438,Ramicane,c458,10,44.45437828
439,Ramicane,c458,15,45.10742313
440,Ramicane,c458,20,39.50513508
441,Ramicane,c458,25,37.75314964
442,Ramicane,c458,30,38.34200823
443,Ramicane,q610,0,45.0
444,Ramicane,q610,5,45.62949421
445,Ramicane,q610,10,44.99148471
446,Ramicane,q610,15,45.88902756
447,Ramicane,q610,20,46.58543347
448,Ramicane,q610,25,40.14645019
449,Ramicane,q610,30,40.66834256
450,Ramicane,q610,35,36.56165229
451,Ramicane,j913,0,45.0
452,Ramicane,j913,5,44.01490022
453,Ramicane,j913,10,44.49716216
454,Ramicane,j913,15,45.25253427
455,Ramicane,j913,20,42.16834132
456,Ramicane,j913,25,37.86066936
457,Ramicane,j913,30,34.75724046
458,Ramicane,j913,35,35.17014843
459,Ramicane,j913,40,31.00186078
460,Ramicane,j913,45,31.56046955
461,Ramicane,a411,0,45.0
462,Ramicane,a411,5,45.46667714
463,Ramicane,a411,10,40.75978762
464,Ramicane,a411,15,41.48416885
465,Ramicane,a411,20,38.08737318
466,Ramicane,a411,25,38.701438399999994
467,Ramicane,a411,30,39.13073724
468,Ramicane,a411,35,39.71723589
469,Ramicane,a411,40,40.25881765
470,Ramicane,a411,45,38.407618299999996
471,Ramicane,a444,0,45.0
472,Ramicane,a444,5,44.00597487
473,Ramicane,a444,10,44.51255951
474,Ramicane,a444,15,43.00127957
475,Ramicane,a444,20,41.71461874
476,Ramicane,a444,25,42.29139437
477,Ramicane,a444,30,42.78627835
478,Ramicane,a444,35,41.73595083
479,Ramicane,a444,40,42.50492554
480,Ramicane,a444,45,43.04754260000001
481,Ramicane,d251,0,45.0
482,Ramicane,d251,5,41.74635495
483,Ramicane,d251,10,42.43225791
484,Ramicane,d251,15,39.47278744
485,Ramicane,d251,20,37.65209085
486,Ramicane,d251,25,38.09751328
487,Ramicane,d251,30,38.71825638
488,Ramicane,d251,35,37.70852942
489,Ramicane,d251,40,38.26540379
490,Ramicane,d251,45,37.31123552
491,Ramicane,j989,0,45.0
492,Ramicane,j989,5,45.62071835
493,Ramicane,j989,10,46.34383237
494,Ramicane,j989,15,41.12835439
495,Ramicane,j989,20,41.63534426
496,Ramicane,j989,25,39.93411249
497,Ramicane,j989,30,34.67178107
498,Ramicane,j989,35,35.1155898
499,Ramicane,j989,40,35.50119014
500,Ramicane,j989,45,36.13485243
501,Ramicane,y449,0,45.0
502,Ramicane,y449,5,45.87754494
503,Ramicane,y449,10,46.37809248
504,Ramicane,y449,15,44.18345092
505,Ramicane,k403,0,45.0
506,Ramicane,k403,5,38.82589807
507,Ramicane,k403,10,35.01427146
508,Ramicane,k403,15,34.22399174
509,Ramicane,k403,20,32.99772858
510,Ramicane,k403,25,33.46457735
511,Ramicane,k403,30,31.09949753
512,Ramicane,k403,35,26.54699343
513,Ramicane,k403,40,24.36550471
514,Ramicane,k403,45,22.05012627
515,Ramicane,c758,0,45.0
516,Ramicane,c758,5,45.5786783
517,Ramicane,c758,10,46.28799223
518,Ramicane,c758,15,46.94094512
519,Ramicane,c758,20,43.1263114
520,Ramicane,c758,25,43.602267299999994
521,Ramicane,c758,30,44.11827028
522,Ramicane,c758,35,37.80238546
523,Ramicane,c758,40,32.83318858
524,Ramicane,c758,45,33.39765251
525,Stelasyn,x402,0,45.0
526,Stelasyn,x402,5,46.32757027
527,Stelasyn,x402,10,46.88696249
528,Stelasyn,x402,15,49.11994779999999
529,Stelasyn,x402,20,50.41475041
530,Stelasyn,x402,25,52.43173664
531,Stelasyn,x402,30,54.35158463
532,Stelasyn,x402,35,55.24096223
533,Stelasyn,x402,40,56.69172294
534,Stelasyn,x402,45,61.61960615
535,Ramicane,r811,0,45.0
536,Ramicane,r811,5,45.62580225
537,Ramicane,r811,10,39.453903000000004
538,Ramicane,r811,15,40.02229235
539,Ramicane,r811,20,40.7728027
540,Ramicane,r811,25,37.61401068
541,Ramicane,r811,30,38.24206639
542,Ramicane,r811,35,36.00302016
543,Ramicane,r811,40,36.5200329
544,Ramicane,r811,45,37.22565033
545,Ramicane,a644,0,45.0
546,Ramicane,a644,5,45.55015754
547,Ramicane,a644,10,46.38071258
548,Ramicane,a644,15,46.91089166
549,Ramicane,a644,20,45.86506461
550,Ramicane,a644,25,41.48122408
551,Ramicane,a644,30,37.21112063
552,Ramicane,a644,35,35.12863083
553,Ramicane,a644,40,35.77945086
554,Ramicane,a644,45,32.97852192
555,Ramicane,i177,0,45.0
556,Ramicane,i177,5,44.06539783
557,Ramicane,i177,10,41.02092924
558,Ramicane,i177,15,40.33093479
559,Ramicane,i177,20,35.34536136
560,Ramicane,i177,25,34.0821803
561,Ramicane,i177,30,34.71147302
562,Ramicane,i177,35,35.1521662
563,Ramicane,i177,40,35.55793279
564,Ramicane,i177,45,33.56240217
565,Ramicane,g791,0,45.0
566,Ramicane,g791,5,45.85153062
567,Ramicane,g791,10,40.17055848
568,Ramicane,g791,15,40.67812852
569,Ramicane,g791,20,41.211897
570,Ramicane,g791,25,35.56939935
571,Ramicane,g791,30,34.95258284
572,Ramicane,g791,35,30.96039194
573,Ramicane,g791,40,31.36940573
574,Ramicane,g791,45,29.12847181
575,Ramicane,a520,0,45.0
576,Ramicane,a520,5,38.72370695
577,Ramicane,a520,10,36.42938781
578,Ramicane,a520,15,35.590253999999995
579,Ramicane,a520,20,35.94774514
580,Ramicane,a520,25,36.55858129
581,Ramicane,a520,30,36.94770981
582,Ramicane,a520,35,37.62471026
583,Ramicane,a520,40,38.25972497
584,Ramicane,a520,45,38.81036633
585,Ramicane,u196,0,45.0
586,Ramicane,u196,5,45.55746444
587,Ramicane,u196,10,46.42294306
588,Ramicane,u196,15,47.22717065
589,Ramicane,u196,20,46.10536303
590,Ramicane,u196,25,46.70532539999999
591,Ramicane,u196,30,47.62281636
592,Ramicane,u196,35,47.00146542
593,Ramicane,u196,40,43.45368679
594,Ramicane,u196,45,40.66771292
595,Ramicane,m546,0,45.0
596,Ramicane,m546,5,42.99887638
597,Ramicane,m546,10,43.74822357
598,Ramicane,m546,15,39.89743533
599,Ramicane,m546,20,36.71229535
600,Ramicane,m546,25,37.44444543
601,Ramicane,m546,30,37.96993365
602,Ramicane,m546,35,38.62753581
603,Ramicane,m546,40,35.114575200000004
604,Ramicane,m546,45,30.56462509
605,Ramicane,w678,0,45.0
606,Ramicane,w678,5,43.16637266
607,Ramicane,n364,0,45.0
608,Ramicane,n364,5,45.52187471
609,Ramicane,n364,10,40.3751382
610,Ramicane,n364,15,36.94027399
611,Ramicane,n364,20,37.4788685
612,Ramicane,n364,25,33.20500824
613,Ramicane,n364,30,33.817758000000005
614,Ramicane,n364,35,34.48752204
615,Ramicane,n364,40,34.95473311
616,Ramicane,n364,45,31.09533505
617,Ramicane,s508,0,45.0
618,Ramicane,s508,5,38.71187185
619,Ramicane,s508,10,34.850997899999996
620,Ramicane,s508,15,35.27690634
621,Ramicane,s508,20,35.92865083
622,Ramicane,s508,25,36.33856894
623,Ramicane,s508,30,35.47402235
624,Ramicane,s508,35,35.8461407
625,Ramicane,s508,40,32.79817119
626,Ramicane,s508,45,30.27623175
627,Ramicane,e662,0,45.0
628,Ramicane,e662,5,45.81628252
629,Ramicane,e662,10,46.40908385
630,Ramicane,e662,15,43.55377339
631,Ramicane,e662,20,44.0012958
632,Ramicane,e662,25,44.66459432
633,Ramicane,e662,30,45.35023242
634,Ramicane,e662,35,43.22027636
635,Ramicane,e662,40,44.00672385
636,Ramicane,e662,45,40.65900627
637,Ramicane,z578,0,45.0
638,Ramicane,z578,5,42.18878662
639,Ramicane,z578,10,42.95211843
640,Ramicane,z578,15,38.68851607
641,Ramicane,z578,20,36.89001635
642,Ramicane,z578,25,37.41411419
643,Ramicane,z578,30,37.81593487
644,Ramicane,z578,35,38.50482444
645,Ramicane,z578,40,34.02209336
646,Ramicane,z578,45,30.63869575
647,Ramicane,r921,0,45.0
648,Ramicane,r921,5,45.56821083
649,Ramicane,r921,10,42.71192694
650,Ramicane,r921,15,43.52726054
651,Ramicane,r921,20,44.13631588
652,Ramicane,r921,25,42.65534089
653,Ramicane,r921,30,43.41938077
654,Stelasyn,a492,0,45.0
655,Stelasyn,a492,5,46.40914339
656,Stelasyn,a492,10,48.43219661
657,Stelasyn,a492,15,51.985262899999995
658,Stelasyn,a492,20,53.67719253
659,Stelasyn,a492,25,54.70122868
660,Stelasyn,a492,30,56.20104104
661,Stelasyn,a492,35,57.30855379
662,Stelasyn,a492,40,57.92849897
663,Stelasyn,a492,45,60.12201052
664,Stelasyn,w540,0,45.0
665,Stelasyn,w540,5,45.88537038
666,Stelasyn,w540,10,47.45906658
667,Stelasyn,w540,15,48.25014636
668,Stelasyn,w540,20,50.67272745
669,Stelasyn,w540,25,52.60026955
670,Stelasyn,v764,0,45.0
671,Stelasyn,v764,5,47.05418474
672,Stelasyn,v764,10,48.18900062
673,Stelasyn,v764,15,49.41262418
674,Naftisol,z795,0,45.0
675,Naftisol,z795,5,46.83347493
676,Naftisol,z795,10,48.0308039
677,Naftisol,z795,15,49.36813189
678,Naftisol,z795,20,53.28065717
679,Naftisol,z795,25,57.94709984
680,Naftisol,z795,30,59.78963589999999
681,Naftisol,z795,35,60.43565416
682,Naftisol,z795,40,62.37663884
683,Naftisol,z795,45,65.74107029
684,Naftisol,e291,0,45.0
685,Naftisol,e291,5,46.14250486
686,Naftisol,e291,10,48.52974125
687,Naftisol,e291,15,49.348426200000006
688,Naftisol,e291,20,52.53376479
689,Naftisol,e291,25,55.1389525
690,Naftisol,e584,0,45.0
691,Naftisol,e584,5,45.656978499999994
692,Naftisol,e584,10,47.25064148
693,Naftisol,e584,15,48.43041053
694,Naftisol,e584,20,50.34492095
695,Naftisol,e584,25,51.38641908
696,Naftisol,e584,30,54.98440767
697,Naftisol,e584,35,58.08655989
698,Naftisol,e584,40,62.81687083
699,Naftisol,e584,45,68.3597767
700,Naftisol,e213,0,45.0
701,Naftisol,e213,5,45.69925018
702,Naftisol,e213,10,47.39157120000001
703,Naftisol,e213,15,51.7916953
704,Naftisol,e213,20,52.61376289
705,Naftisol,e213,25,55.22447615
706,Naftisol,e213,30,56.45872864
707,Naftisol,e213,35,58.24585435
708,Naftisol,e213,40,60.23654797
709,Naftisol,e213,45,63.1056963
710,Naftisol,j755,0,45.0
711,Naftisol,j755,5,47.24284357
712,Naftisol,j755,10,48.16706083
713,Naftisol,j755,15,51.45397391
714,Naftisol,j755,20,55.49660753
715,Naftisol,j755,25,58.05581822
716,Naftisol,j755,30,60.00720978
717,Naftisol,j755,35,62.7328576
718,Naftisol,j755,40,67.2077103
719,Naftisol,j755,45,69.56362076
720,Stelasyn,s565,0,45.0
721,Stelasyn,s565,5,48.24255218
722,Stelasyn,s565,10,52.77752710000001
723,Stelasyn,s565,15,54.32831664
724,Stelasyn,s565,20,57.04618912
725,Stelasyn,s565,25,58.55361079
726,Stelasyn,s565,30,63.66896678
727,Stelasyn,s565,35,64.77657909
728,Stelasyn,s565,40,67.22100698
729,Stelasyn,s565,45,72.58896447
730,Stelasyn,a366,0,45.0
731,Stelasyn,a366,5,48.95136773
732,Stelasyn,a366,10,53.52399007
733,Stelasyn,a366,15,55.26558163
734,Stelasyn,a366,20,57.28598742
735,Stelasyn,a366,25,59.01172817
736,Stelasyn,a366,30,63.44068627
737,Stelasyn,p387,0,45.0
738,Stelasyn,p387,5,48.66763075
739,Stelasyn,p387,10,53.36296294
740,Stelasyn,p387,15,55.25138033
741,Stelasyn,p387,20,56.58761679999999
742,Stelasyn,p387,25,58.09848946
743,Stelasyn,p387,30,63.26924552
744,Stelasyn,p387,35,66.4922038
745,Stelasyn,p387,40,69.03887618
746,Stelasyn,b879,0,45.0
747,Stelasyn,b879,5,49.15615628
748,Stelasyn,b879,10,50.33894583
749,Stelasyn,b879,15,51.61838657
750,Stelasyn,b879,20,53.98343568
751,Stelasyn,b879,25,56.46998744
752,Stelasyn,b879,30,60.90761481
753,Stelasyn,b879,35,64.26088633
754,Stelasyn,b879,40,67.18912666
755,Stelasyn,b879,45,72.55523894
756,Stelasyn,i901,0,45.0
757,Stelasyn,i901,5,46.49302392
758,Stelasyn,i901,10,50.42124982
759,Stelasyn,i901,15,51.41964239
760,Stelasyn,i901,20,55.97440502
761,Stelasyn,i901,25,56.575194999999994
762,Stelasyn,i901,30,60.59185755
763,Stelasyn,i901,35,62.12733561
764,Stelasyn,i901,40,64.30345451
765,Stelasyn,i901,45,65.34181087
766,Stelasyn,k862,0,45.0
767,Stelasyn,k862,5,49.20305786
768,Stelasyn,k862,10,50.52355007
769,Stelasyn,k862,15,54.47453362
770,Stelasyn,k862,20,57.05784818
771,Stelasyn,k862,25,58.7192973
772,Stelasyn,k862,30,60.60543979
773,Stelasyn,k862,35,66.58072244
774,Stelasyn,k862,40,67.57134128
775,Stelasyn,k862,45,69.29914907
776,Stelasyn,g867,0,45.0
777,Stelasyn,g867,5,46.88074916
778,Stelasyn,g867,10,48.18340167
779,Stelasyn,g867,15,51.06041924
780,Stelasyn,s619,0,45.0
781,Stelasyn,s619,5,46.60226878
782,Stelasyn,w697,0,45.0
783,Stelasyn,w697,5,48.30182261
784,Stelasyn,w697,10,48.925056
785,Stelasyn,w697,15,52.65726519
786,Stelasyn,w697,20,54.22809098
787,Stelasyn,w697,25,57.610394299999996
788,Stelasyn,w697,30,60.72063591
789,Stelasyn,w697,35,63.68904216
790,Stelasyn,j984,0,45.0
791,Stelasyn,j984,5,48.41072109
792,Stelasyn,j984,10,50.14108401
793,Stelasyn,j984,15,51.16675687
794,Stelasyn,j984,20,54.37251567
795,Stelasyn,j984,25,57.06435479
796,Stelasyn,j984,30,61.24050573
797,Stelasyn,j984,35,64.05539896
798,Stelasyn,j984,40,67.77708036
799,Stelasyn,j984,45,70.65383162
800,Stelasyn,c402,0,45.0
801,Stelasyn,c402,5,49.3426301
802,Stelasyn,c402,10,50.56689412
803,Stelasyn,c402,15,52.23071944
804,Stelasyn,c402,20,54.88332044
805,Stelasyn,c402,25,58.26988853
806,Stelasyn,c402,30,63.74319428
807,Stelasyn,c402,35,65.8079627
808,Stelasyn,c402,40,70.22229679
809,Stelasyn,c402,45,74.04039018
810,Stelasyn,h333,0,45.0
811,Stelasyn,h333,5,45.75172728
812,Stelasyn,h333,10,46.23384414
813,Stelasyn,h333,15,50.69260358
814,Stelasyn,h333,20,51.99780618
815,Stelasyn,h333,25,53.73091434
816,Stelasyn,h333,30,55.45528975
817,Stelasyn,k510,0,45.0
818,Stelasyn,k510,5,46.608467100000006
819,Stelasyn,k510,10,47.65824979999999
820,Stelasyn,k510,15,49.687051700000005
821,Stelasyn,k510,20,52.10557382
822,Stelasyn,p981,0,45.0
823,Stelasyn,p981,5,47.00062717
824,Stelasyn,p981,10,47.54584585
825,Stelasyn,p981,15,49.65770973
826,Stelasyn,p981,20,50.35806947
827,Stelasyn,p981,25,52.5447048
828,Stelasyn,p981,30,56.33910432
829,Stelasyn,p981,35,59.13102297
830,Stelasyn,t451,0,45.0
831,Stelasyn,t451,5,48.04713882
832,Stelasyn,t451,10,48.95791906
833,Stelasyn,t451,15,49.65278772
834,Stelasyn,t451,20,51.06367793
835,Stelasyn,t451,25,55.52755345
836,Stelasyn,t451,30,59.27582268
837,Stelasyn,t451,35,63.75698964
838,Stelasyn,t451,40,67.65479599
839,Stelasyn,t451,45,68.7116302
840,Stelasyn,a963,0,45.0
841,Stelasyn,a963,5,46.23350581
842,Stelasyn,a963,10,47.15052201
843,Stelasyn,a963,15,47.83685218
844,Stelasyn,a963,20,51.46373448
845,Stelasyn,a963,25,52.12980374
846,Stelasyn,a963,30,53.40166738
847,Stelasyn,a963,35,56.81397646
848,Stelasyn,a963,40,58.46378685
849,Stelasyn,a963,45,62.76509317
850,Stelasyn,m269,0,45.0
851,Stelasyn,m269,5,49.011180100000004
852,Stelasyn,m269,10,50.86013006
853,Stelasyn,m269,15,55.9053436
854,Stelasyn,m269,20,61.14586638
855,Stelasyn,m269,25,64.89301976
856,Stelasyn,m269,30,67.71250988
857,Stelasyn,m269,35,68.68991735
858,Stelasyn,m269,40,70.21464419
859,Stelasyn,m269,45,75.12368955
873,Stelasyn,z314,0,45.0
874,Stelasyn,z314,5,45.93471217
875,Stelasyn,o848,0,45.0
876,Infubinol,v719,0,45.0
877,Infubinol,v719,5,47.18836325
878,Infubinol,v719,10,51.49705412
879,Infubinol,v719,15,52.60910758
880,Infubinol,v719,20,54.04860769
881,Ramicane,q597,0,45.0
882,Ramicane,q597,5,45.76611104
883,Ramicane,q597,10,42.53798598
884,Ramicane,q597,15,41.39566036
885,Ramicane,q597,20,41.9255866
886,Ramicane,q597,25,42.57570709
887,Ramicane,q597,30,43.33916123
888,Ramicane,q597,35,43.80720142
889,Ramicane,q597,40,44.47182121
890,Ramicane,q597,45,45.22086888
891,Infubinol,c895,0,45.0
892,Infubinol,c895,5,45.47754399
893,Infubinol,c895,10,49.77901542
894,Infubinol,c895,15,52.94946474
895,Infubinol,c895,20,53.67683960000001
896,Infubinol,c895,25,57.53419288
897,Infubinol,c895,30,60.96971133
898,Infubinol,a203,0,45.0
899,Infubinol,a203,5,48.5084684
900,Infubinol,a203,10,51.852437200000004
901,Infubinol,a203,15,52.7778705
902,Infubinol,a203,20,55.17333648
903,Infubinol,a203,25,56.79320832
904,Infubinol,a203,30,59.52319728
905,Infubinol,a203,35,61.93165007
906,Infubinol,a203,40,63.59349002
907,Infubinol,a203,45,67.97341878
908,Zoniferol,f394,0,45.0
909,Zoniferol,f394,5,47.03309963
910,Zoniferol,c264,0,45.0
911,Zoniferol,c264,5,45.79170389
912,Zoniferol,c264,10,49.02659196
913,Zoniferol,c264,15,53.66494165
914,Zoniferol,c264,20,54.568195700000004
915,Zoniferol,c264,25,56.96676876
916,Zoniferol,c264,30,57.82391556
917,Zoniferol,c264,35,61.07479506
918,Zoniferol,c264,40,65.70832272
919,Zoniferol,c264,45,67.94212107
920,Zoniferol,n967,0,45.0
921,Zoniferol,n967,5,46.07719173
922,Zoniferol,n967,10,47.47172327
923,Zoniferol,n967,15,49.82500362
924,Zoniferol,f545,0,45.0
925,Zoniferol,f545,5,46.56581263
926,Zoniferol,f545,10,51.07251225
927,Zoniferol,f545,15,53.94554429
928,Zoniferol,f545,20,58.84118888
929,Zoniferol,f545,25,60.25348139
930,Zoniferol,f545,30,65.89398607
931,Zoniferol,f545,35,66.74292417
932,Zoniferol,f545,40,71.10811835
933,Zoniferol,f545,45,73.32443228
934,Zoniferol,k894,0,45.0
935,Zoniferol,k894,5,47.64568674
936,Zoniferol,k894,10,49.27287011
937,Zoniferol,k894,15,49.987765700000004
938,Zoniferol,k894,20,50.98163936
939,Zoniferol,k894,25,52.32583833
940,Zoniferol,k894,30,54.40012279
941,Zoniferol,k894,35,55.36266238
942,Zoniferol,k894,40,58.64705616
943,Zoniferol,k894,45,60.75270417
944,Zoniferol,k754,0,45.0
945,Zoniferol,k754,5,45.7277604
946,Zoniferol,k754,10,49.74611666
947,Zoniferol,k754,15,51.32356994
948,Zoniferol,k754,20,52.69342276
949,Zoniferol,g296,0,45.0
950,Zoniferol,g296,5,46.59323337
951,Zoniferol,g296,10,48.26950861
952,Zoniferol,g296,15,49.65324404
953,Zoniferol,g296,20,51.4471183
954,Zoniferol,g296,25,55.6701066
955,Zoniferol,g296,30,57.99770642
956,Zoniferol,g296,35,60.38451978
957,Zoniferol,g296,40,62.22191493
958,Zoniferol,g296,45,68.16319517
959,Zoniferol,d164,0,45.0
960,Zoniferol,d164,5,46.61767061
961,Zoniferol,d164,10,47.47464468
962,Zoniferol,w575,0,45.0
963,Zoniferol,w575,5,48.91385977
964,Zoniferol,w575,10,50.13595547
965,Zoniferol,w575,15,50.86745176
966,Zoniferol,w575,20,55.5918155
967,Zoniferol,w575,25,58.58732169
968,Zoniferol,w575,30,60.15306524
969,Zoniferol,w575,35,63.68644503
970,Zoniferol,w575,40,64.93840621
971,Zoniferol,w575,45,68.40128593
972,Zoniferol,x613,0,45.0
973,Zoniferol,x613,5,46.09704058
974,Zoniferol,x613,10,46.81817589999999
975,Zoniferol,x613,15,48.0776464
976,Zoniferol,q633,0,45.0
977,Zoniferol,q633,5,47.18380215
978,Zoniferol,q633,10,49.00186559
979,Zoniferol,q633,15,50.583557299999995
980,Zoniferol,q633,20,53.28728681
981,Zoniferol,q633,25,55.6831017
982,Zoniferol,q633,30,58.05725257
983,Zoniferol,q633,35,63.1256593
984,Zoniferol,q633,40,68.49863876
985,Zoniferol,q633,45,70.82779631
986,Zoniferol,b313,0,45.0
987,Zoniferol,b313,5,47.15443254
988,Zoniferol,b313,10,48.31937218
989,Zoniferol,b313,15,49.18838735
990,Zoniferol,b313,20,53.979679700000005
991,Zoniferol,b313,25,55.74514628
992,Zoniferol,f129,0,45.0
993,Zoniferol,f129,5,47.00059399
994,Zoniferol,f129,10,48.17971908
995,Zoniferol,f129,15,49.98830246
996,Zoniferol,j365,0,45.0
997,Zoniferol,j365,5,46.7112611
998,Zoniferol,j365,10,48.34932028
999,Zoniferol,j365,15,49.58826336
1000,Zoniferol,j365,20,50.93935278
1001,Zoniferol,j365,25,51.810320399999995
1002,Zoniferol,j365,30,54.40488176
1003,Zoniferol,j365,35,56.96120016
1004,Zoniferol,j365,40,62.32717066
1005,Zoniferol,j365,45,64.29408493
1006,Zoniferol,p136,0,45.0
1007,Zoniferol,p136,5,49.27397096
1008,Zoniferol,p136,10,50.90789028
1009,Zoniferol,p136,15,51.99141616
1010,Zoniferol,p136,20,54.91379857
1011,Zoniferol,p136,25,56.28147652
1012,Zoniferol,p136,30,57.05280546
1013,Zoniferol,p136,35,57.63078195
1014,Zoniferol,p136,40,61.38024887
1015,Zoniferol,p136,45,63.48869678
1016,Zoniferol,c559,0,45.0
1017,Zoniferol,c559,5,46.56263793
1018,Zoniferol,c559,10,47.29326012
1019,Zoniferol,c559,15,51.41490358
1020,Zoniferol,c559,20,52.60436695
1021,Zoniferol,c559,25,54.55544168
1022,Zoniferol,c559,30,57.14614388
1023,Zoniferol,c559,35,59.45504074
1024,Zoniferol,c559,40,60.86184431
1025,Zoniferol,c559,45,61.84005842
1026,Zoniferol,a788,0,45.0
1027,Zoniferol,a788,5,47.00658024
1028,Zoniferol,a788,10,50.15972132
1029,Zoniferol,a788,15,52.53994926
1030,Zoniferol,a788,20,54.06098332
1031,Zoniferol,a788,25,56.770280299999996
1032,Zoniferol,a788,30,60.41370908
1033,Zoniferol,s337,0,45.0
1034,Zoniferol,s337,5,46.84985157
1035,Zoniferol,s337,10,47.8944415
1036,Zoniferol,s337,15,48.57151582
1037,Zoniferol,s337,20,49.20205408
1038,Zoniferol,s337,25,50.9706889
1039,Zoniferol,s337,30,52.74771768
1040,Zoniferol,s337,35,54.81081251
1041,Zoniferol,s337,40,56.99481589
1042,Zoniferol,s337,45,62.10965102
1043,Zoniferol,q511,0,45.0
1044,Zoniferol,q511,5,45.83265378
1045,Zoniferol,q511,10,50.31164687
1046,Zoniferol,q511,15,52.13308139
1047,Zoniferol,q511,20,52.67271205
1048,Zoniferol,q511,25,57.25758287
1049,Zoniferol,q511,30,59.3643535
1050,Zoniferol,q511,35,60.83866059
1051,Zoniferol,q511,40,63.19442807
1052,Zoniferol,q511,45,68.61106075
1053,Zoniferol,m331,0,45.0
1054,Zoniferol,m331,5,45.52301371
1055,Zoniferol,m331,10,47.64687735
1056,Zoniferol,m331,15,52.11008758
1057,Zoniferol,o926,0,45.0
1058,Zoniferol,o926,5,46.76116373
1059,Zoniferol,o926,10,47.56567364
1060,Zoniferol,o926,15,48.25424839
1061,Zoniferol,o926,20,51.82663825
1062,Zoniferol,o926,25,54.76333852
1063,Zoniferol,o926,30,56.91739838
1064,Zoniferol,o926,35,58.59399318
1065,Zoniferol,o926,40,59.90304448
1066,Zoniferol,o926,45,62.32796606
1067,Zoniferol,d133,0,45.0
1068,Propriva,n630,0,45.0
1069,Propriva,n630,5,46.09909969
1070,Zoniferol,a401,0,45.0
1071,Zoniferol,a401,5,46.11198591
1072,Zoniferol,a401,10,47.7259374
1073,Zoniferol,a401,15,49.93472542
1074,Zoniferol,a401,20,52.20451136
1075,Zoniferol,a401,25,54.20983551
1076,Zoniferol,a401,30,55.91016159
1077,Zoniferol,a401,35,60.34714467
1078,Zoniferol,a401,40,61.76860538
1079,Zoniferol,a401,45,66.79415599
1080,Propriva,w350,0,45.0
1081,Propriva,w350,5,48.23211311
1082,Propriva,w350,10,48.89955238
1083,Propriva,w350,15,50.8546323
1084,Propriva,w350,20,52.13232061
1085,Propriva,w350,25,52.80591518
1086,Propriva,w350,30,55.87990896
1087,Propriva,w350,35,56.68355758
1088,Propriva,w350,40,62.32434769
1089,Propriva,w350,45,64.95756185
1090,Zoniferol,c302,0,45.0
1091,Zoniferol,c302,5,47.69067986
1092,Zoniferol,c302,10,48.53356704
1093,Zoniferol,c302,15,52.71663459
1094,Zoniferol,c302,20,54.08090836
1095,Zoniferol,c302,25,55.07622853
1096,Zoniferol,c302,30,57.41974389
1097,Zoniferol,c302,35,62.23657157
1098,Zoniferol,c302,40,63.28107148
1099,Zoniferol,c302,45,64.57522157
1100,Placebo,a897,0,45.0
1101,Placebo,a897,5,45.69112405
1102,Placebo,a897,10,47.97292708
1103,Placebo,a897,15,52.34308525
1104,Placebo,a897,20,54.59570541
1105,Placebo,a897,25,56.41331977
1106,Placebo,a897,30,59.91693443
1107,Placebo,a897,35,64.0528731
1108,Placebo,a897,40,67.21174279
1109,Placebo,a897,45,72.25596306
1110,Placebo,j235,0,45.0
1111,Placebo,j235,5,46.58881978
1112,Placebo,j235,10,48.01878792
1113,Placebo,j235,15,51.16113815
1114,Placebo,j235,20,52.94290169
1115,Placebo,q787,0,45.0
1116,Placebo,q787,5,47.11661587
1117,Placebo,q787,10,48.59386234
1118,Placebo,q787,15,49.21773243
1119,Placebo,q787,20,50.22993419
1120,Placebo,q787,25,52.71318786
1121,Placebo,q787,30,55.03620625
1122,Placebo,q787,35,60.33385242
1123,Placebo,q787,40,62.0341267
1124,Placebo,q787,45,66.09647477
1125,Placebo,a262,0,45.0
1126,Placebo,a262,5,48.71756819
1127,Placebo,a262,10,49.59518129
1128,Placebo,a262,15,53.82797367
1129,Placebo,a262,20,57.01331331
1130,Placebo,a262,25,60.13186217
1131,Placebo,a262,30,64.95809178
1132,Placebo,a262,35,66.56196302
1133,Placebo,a262,40,69.59273198
1134,Placebo,a262,45,70.71762058
1135,Placebo,r850,0,45.0
1136,Placebo,r850,5,46.86291194
1137,Placebo,r850,10,48.51509085
1138,Placebo,r850,15,50.21860469
1139,Placebo,i669,0,45.0
1140,Placebo,i669,5,46.76466824
1141,Placebo,i669,10,48.2816334
1142,Placebo,i669,15,48.857600700000006
1143,Placebo,i669,20,50.87369027
1144,Placebo,i669,25,53.30318455
1145,Placebo,n763,0,45.0
1146,Placebo,n763,5,46.08598142
1147,Placebo,n763,10,46.81731526
1148,Placebo,n763,15,47.79809961
1149,Placebo,n763,20,49.25812581
1150,Placebo,n763,25,53.40587053
1151,Placebo,n763,30,55.41365961
1152,Placebo,n763,35,57.38241296
1153,Placebo,n763,40,58.01114583
1154,Placebo,s152,0,45.0
1155,Placebo,s152,5,47.459052899999996
1156,Placebo,s152,10,52.1816442
1157,Placebo,s152,15,57.22498064
1158,Placebo,s152,20,62.35160945
1159,Placebo,s152,25,64.11914213
1160,Placebo,c766,0,45.0
1161,Placebo,c766,5,47.31305537
1162,Placebo,c766,10,49.50027098
1163,Placebo,c766,15,50.59663325
1164,Placebo,c766,20,53.00686463
1165,Placebo,c766,25,58.21462437
1166,Placebo,c766,30,60.2559245
1167,Placebo,c766,35,65.95236791
1168,Placebo,c766,40,67.68529456
1169,Placebo,c766,45,69.82314577
1170,Placebo,e227,0,45.0
1171,Placebo,e227,5,47.23801112
1172,Placebo,e227,10,51.34975705
1173,Placebo,e227,15,52.83394196
1174,Placebo,e227,20,56.60755210000001
1175,Placebo,e227,25,60.60029169
1176,Placebo,e227,30,62.46438515
1177,Placebo,e227,35,66.94912136
1178,Placebo,e227,40,70.7152176
1179,Placebo,e227,45,73.21293851
1180,Placebo,c282,0,45.0
1181,Placebo,c282,5,45.72568973
1182,Placebo,c282,10,48.17950638
1183,Placebo,c282,15,49.26607873
1184,Placebo,c282,20,51.95057423
1185,Placebo,c282,25,56.29220039
1186,Placebo,c282,30,59.00590207
1187,Placebo,c282,35,59.88765475
1188,Placebo,c282,40,65.02179944
1189,Placebo,c282,45,65.81516535
1190,Placebo,v989,0,45.0
1191,Placebo,v989,5,48.85813451
1192,Placebo,v989,10,52.61468889
1193,Zoniferol,w140,0,45.0
1194,Zoniferol,w140,5,47.71795156
1195,Placebo,v409,0,45.0
1196,Placebo,v409,5,46.22079642
1197,Placebo,v409,10,50.64903842
1198,Placebo,l872,0,45.0
1199,Placebo,o795,0,45.0
1200,Placebo,o795,5,46.76092721
1201,Placebo,o795,10,51.1237037
1202,Placebo,o795,15,55.88633793
1203,Placebo,o795,20,60.61005916
1204,Placebo,o795,25,65.74177723
1205,Placebo,o795,30,68.21706974
1206,Placebo,o795,35,69.08509415
1207,Placebo,o795,40,70.26647887
1208,Placebo,o795,45,73.05945435
1209,Placebo,y478,0,45.0
1210,Placebo,y478,5,48.64107818
1211,Placebo,y478,10,52.28893409
1212,Placebo,y478,15,53.61040585
1213,Placebo,y478,20,56.84885016
1214,Placebo,y478,25,57.82697598
1215,Placebo,y478,30,59.37461452
1216,Placebo,y478,35,61.88802678
1217,Placebo,y478,40,65.97112017
1218,Placebo,y478,45,66.84263453
1219,Placebo,q582,0,45.0
1220,Placebo,q582,5,45.95539895
1221,Placebo,q582,10,47.01357514
1222,Placebo,q582,15,48.32264018
1223,Placebo,q582,20,51.18597648
1224,Placebo,q582,25,51.96821056
1225,Placebo,q582,30,52.64889350000001
1226,Placebo,q582,35,53.71315792
1227,Placebo,s166,0,45.0
1228,Placebo,s166,5,47.18678778
1229,Placebo,s166,10,49.00012468
1230,Placebo,x773,0,45.0
1231,Placebo,x773,5,45.8508307
1232,Placebo,x773,10,47.18920597
1233,Placebo,x773,15,47.67123558
1234,Placebo,x773,20,49.739712899999994
1235,Placebo,x773,25,51.10442109
1236,Placebo,x773,30,52.81311518
1237,Placebo,x773,35,55.19273639
1238,Placebo,x773,40,55.98767551
1239,Placebo,x773,45,58.63497149
1240,Placebo,w167,0,45.0
1241,Placebo,w167,5,48.78627194
1242,Placebo,w167,10,51.82640965
1243,Placebo,w167,15,53.90048909
1244,Placebo,w167,20,57.54815669
1245,Placebo,w167,25,61.86857673
1246,Placebo,w167,30,67.19787186
1247,Placebo,w167,35,68.13428817
1248,Placebo,t718,0,45.0
1249,Placebo,t718,5,45.92125272
1250,Placebo,t718,10,46.39268805
1251,Placebo,t718,15,48.08512552
1252,Placebo,t718,20,52.6367
1253,Placebo,t718,25,55.87658787
1254,Placebo,t718,30,57.70411372
1255,Placebo,t718,35,60.46389851
1256,Placebo,t718,40,61.530398899999994
1257,Placebo,t718,45,63.42369517
1258,Placebo,o302,0,45.0
1259,Placebo,o302,5,48.93701188
1260,Placebo,o302,10,49.70144989
1261,Placebo,o302,15,51.38148886
1262,Placebo,o302,20,56.17761143
1263,Placebo,o302,25,60.51710253
1264,Placebo,o302,30,62.03059364
1265,Placebo,i477,0,45.0
1266,Placebo,i477,5,46.65738471
1267,Placebo,i477,10,47.52063206
1268,Placebo,c757,0,45.0
1269,Placebo,c757,5,47.78327981
1270,Placebo,c757,10,49.21931669
1271,Placebo,c757,15,51.532603
1272,Placebo,c757,20,52.81863401
1273,Placebo,c757,25,57.10641821
1274,Placebo,c757,30,60.09857184
1275,Placebo,c757,35,64.29116351
1276,Placebo,c757,40,66.60436771
1277,Placebo,c757,45,69.04284082
1278,Placebo,t994,0,45.0
1279,Placebo,t994,5,47.891487100000006
1280,Placebo,t994,10,52.614163500000004
1281,Placebo,t994,15,53.45863887
1282,Placebo,t994,20,56.52795159
1283,Propriva,p310,0,45.0
1284,Propriva,p310,5,46.55853236
1285,Propriva,p310,10,48.66560668
1286,Propriva,p310,15,49.77074144
1287,Propriva,p310,20,54.20518054
1288,Propriva,p310,25,55.34183416
1289,Propriva,a699,0,45.0
1290,Propriva,a699,5,46.55308986
1291,Propriva,a699,10,47.86737569
1292,Propriva,a699,15,49.53040137
1293,Propriva,a699,20,50.71242334
1294,Propriva,a699,25,51.84638147
1295,Propriva,a699,30,54.37934505
1296,Propriva,a699,35,56.51068234
1297,Propriva,a699,40,58.60544816
1298,Propriva,a699,45,62.19141437
1299,Propriva,k603,0,45.0
1300,Propriva,k603,5,46.04211582
1301,Propriva,k603,10,46.60694676
1302,Propriva,k603,15,48.775285499999995
1303,Propriva,k603,20,50.18010935
1304,Ceftamin,x822,0,45.0
1305,Ceftamin,x822,5,45.67110442
1306,Ceftamin,x822,10,48.98371668
1307,Ceftamin,x822,15,49.69466533
1308,Ceftamin,x822,20,51.91490968
1309,Ceftamin,x822,25,54.04133326
1310,Ceftamin,x822,30,55.44515483
1311,Ceftamin,x822,35,56.79656665
1312,Ceftamin,x822,40,59.55568466
1313,Ceftamin,x822,45,61.38666032
1314,Ceftamin,l558,0,45.0
1315,Ceftamin,l558,5,45.80908882
1316,Ceftamin,l558,10,46.78453491
1317,Ceftamin,l733,0,45.0
1318,Ceftamin,l733,5,46.17422627
1319,Ceftamin,l733,10,48.35495154
1320,Ceftamin,l733,15,49.28519504
1321,Ceftamin,l733,20,53.24431157
1322,Ceftamin,l733,25,54.95166826
1323,Ceftamin,l733,30,56.31906537
1324,Ceftamin,l733,35,57.60079774
1325,Ceftamin,l733,40,59.44350649999999
1326,Ceftamin,l733,45,64.29983003
1327,Ceftamin,f436,0,45.0
1328,Ceftamin,f436,5,46.37079759
1329,Ceftamin,f436,10,48.14697758
1330,Ceftamin,f436,15,48.72207785
1331,Ceftamin,l490,0,45.0
1332,Ceftamin,l490,5,45.61253918
1333,Ceftamin,l490,10,47.25960594
1334,Ceftamin,l490,15,50.52481268
1335,Ceftamin,l490,20,51.90544699
1336,Ceftamin,l490,25,55.81003359
1337,Ceftamin,l490,30,57.91838132
1338,Ceftamin,b759,0,45.0
1339,Ceftamin,b759,5,48.00919049
1340,Ceftamin,b759,10,49.13335499
1341,Ceftamin,b759,15,51.58779906
1342,Ceftamin,b759,20,54.44303502
1343,Ceftamin,b759,25,55.08363235
1344,Ceftamin,b759,30,55.74282869
1345,Ceftamin,l471,0,45.0
1346,Ceftamin,l471,5,46.25187204
1347,Ceftamin,l471,10,48.18206306
1348,Ceftamin,l471,15,49.40687901
1349,Ceftamin,l471,20,52.22832698
1350,Ceftamin,l471,25,52.84755893
1351,Ceftamin,l471,30,58.09360446
1352,Ceftamin,l471,35,61.40599916
1353,Ceftamin,l471,40,63.84485785
1354,Ceftamin,l471,45,67.74866174
1355,Ceftamin,y865,0,45.0
1356,Ceftamin,y865,5,46.73500592
1357,Ceftamin,y865,10,49.52273955
1358,Ceftamin,y865,15,50.80651856
1359,Ceftamin,y865,20,52.36198241
1360,Ceftamin,y865,25,57.17353846
1361,Ceftamin,y865,30,59.0332753
1362,Ceftamin,y865,35,61.15313991
1363,Ceftamin,y865,40,63.46954946
1364,Ceftamin,y865,45,64.72983655
1365,Ceftamin,y769,0,45.0
1366,Ceftamin,y769,5,46.42265176
1367,Ceftamin,y769,10,48.01516261
1368,Ceftamin,y769,15,52.76102114
1369,Ceftamin,y769,20,55.02572434
1370,Ceftamin,y769,25,58.33595901
1371,Ceftamin,y769,30,61.07194886
1372,Ceftamin,y769,35,63.43063221
1373,Ceftamin,y769,40,64.25102761
1374,Ceftamin,y769,45,68.59474498
1375,Ceftamin,l661,0,45.0
1376,Ceftamin,l661,5,46.26879904
1377,Ceftamin,l661,10,49.68361956
1378,Ceftamin,l661,15,50.94754484
1379,Ceftamin,l661,20,52.61749003
1380,Ceftamin,l661,25,53.18065678
1381,Ceftamin,l661,30,55.32909936
1382,Ceftamin,l661,35,56.47412871
1383,Ceftamin,l661,40,59.20566876
1384,Ceftamin,l661,45,59.85195552
1385,Ceftamin,j296,0,45.0
1386,Ceftamin,j296,5,46.79925591
1387,Ceftamin,j296,10,48.52997762
1388,Ceftamin,j296,15,50.70127959
1389,Ceftamin,j296,20,54.00534209
1390,Ceftamin,j296,25,55.76714817
1391,Ceftamin,j296,30,56.80306121
1392,Ceftamin,j296,35,58.71448296
1393,Ceftamin,j296,40,60.07268848
1394,Ceftamin,j296,45,61.84902336
1395,Ceftamin,u149,0,45.0
1396,Ceftamin,u149,5,45.79206792
1397,Ceftamin,u149,10,47.40483439
1398,Ceftamin,u149,15,48.52237343
1399,Ceftamin,u149,20,50.37805789
1400,Ceftamin,u149,25,52.92534846
1401,Ceftamin,u153,0,45.0
1402,Ceftamin,w151,0,45.0
1403,Ceftamin,w151,5,45.54607595
1404,Ceftamin,w151,10,46.50147609
1405,Ceftamin,w151,15,47.24292865
1406,Ceftamin,w151,20,49.55426295
1407,Ceftamin,w151,25,51.869058700000004
1408,Ceftamin,w151,30,56.76715821
1409,Ceftamin,w151,35,58.33914095
1410,Ceftamin,w151,40,62.18795039
1411,Ceftamin,w151,45,67.52748237
1412,Ceftamin,h531,0,45.0
1413,Ceftamin,h531,5,47.784681799999994
1414,Infubinol,a685,0,45.0
1415,Infubinol,a685,5,46.87048256
1416,Infubinol,a685,10,47.66475264
1417,Infubinol,a685,15,48.95147442
1418,Infubinol,a685,20,49.49055902
1419,Infubinol,a685,25,51.93995092
1420,Infubinol,a685,30,55.45385519
1421,Infubinol,a685,35,58.09262925
1422,Infubinol,a685,40,60.56790371
1423,Infubinol,a685,45,66.08306589
1424,Infubinol,o813,0,45.0
1425,Infubinol,o813,5,45.69933088
1426,Infubinol,m756,0,45.0
1427,Infubinol,m756,5,47.01036401
1428,Infubinol,n671,0,45.0
1429,Infubinol,n671,5,47.35388938
1430,Infubinol,n671,10,51.03935653
1431,Infubinol,n671,15,54.21606411
1432,Infubinol,n671,20,54.82252091
1433,Infubinol,n671,25,56.17445785
1434,Infubinol,n671,30,60.16518046
1435,Infubinol,s121,0,45.0
1436,Infubinol,s121,5,45.63566174
1437,Infubinol,s121,10,49.04883479
1438,Infubinol,s121,15,50.82456031
1439,Infubinol,s121,20,52.0050659
1440,Infubinol,s121,25,55.65068132
1441,Infubinol,v766,0,45.0
1442,Infubinol,v766,5,48.15125091
1443,Infubinol,v766,10,50.36310988
1444,Infubinol,v766,15,51.54243058
1445,Infubinol,w193,0,45.0
1446,Infubinol,w193,5,45.49385802
1447,Infubinol,w193,10,48.34655046
1448,Infubinol,w193,15,49.38557373
1449,Infubinol,w193,20,50.00513807
1450,Infubinol,e476,0,45.0
1451,Infubinol,e476,5,47.11180113
1452,Infubinol,e476,10,49.43168536
1453,Infubinol,e476,15,54.04621267
1454,Infubinol,e476,20,55.24927296
1455,Infubinol,e476,25,57.408638
1456,Infubinol,e476,30,57.99279743
1457,Infubinol,e476,35,60.064340200000004
1458,Infubinol,e476,40,61.52527583
1459,Infubinol,e476,45,62.43540402
1460,Infubinol,w584,0,45.0
1461,Infubinol,w584,5,46.05193075
1462,Infubinol,w584,10,47.29850794
1463,Infubinol,w584,15,51.26543971
1464,Infubinol,w584,20,53.32350743
1465,Infubinol,w584,25,55.65083791
1466,Infubinol,w584,30,58.26844248
1467,Ceftamin,b447,0,45.0
1468,Ceftamin,k210,0,45.0
1469,Ceftamin,k210,5,47.91899771
1470,Ceftamin,k210,10,49.37993231
1471,Ceftamin,k210,15,51.07355752
1472,Ceftamin,k210,20,51.99761855
1473,Ceftamin,k210,25,54.61397279
1474,Ceftamin,k210,30,59.98950976
1475,Ceftamin,k210,35,63.32933023
1476,Ceftamin,k210,40,66.62283628
1477,Ceftamin,k210,45,68.92318457
1478,Ceftamin,a275,0,45.0
1479,Ceftamin,a275,5,46.79525728
1480,Ceftamin,a275,10,47.37134328
1481,Ceftamin,a275,15,49.73440359
1482,Ceftamin,a275,20,50.51343652
1483,Ceftamin,a275,25,53.57606417
1484,Ceftamin,a275,30,54.44471317
1485,Ceftamin,a275,35,56.35353804
1486,Ceftamin,a275,40,60.92153868
1487,Ceftamin,a275,45,62.99935619
1488,Ceftamin,x581,0,45.0
1489,Ceftamin,x581,5,47.1969266
1490,Ceftamin,x581,10,49.06702788
1491,Ceftamin,x581,15,49.74642744
1492,Ceftamin,x581,20,51.20796943
1493,Ceftamin,x581,25,51.93528318
1494,Ceftamin,x581,30,55.49282602
1495,Ceftamin,x581,35,58.07758293
1496,Ceftamin,x581,40,60.28040549
1497,Ceftamin,x581,45,64.63494887
1498,Propriva,n482,0,45.0
1499,Propriva,t198,0,45.0
1500,Propriva,t198,5,47.46126052
1501,Propriva,t198,10,49.00080978
1502,Propriva,t198,15,49.781180799999994
1503,Propriva,t198,20,51.49073998
1504,Propriva,t198,25,56.18466399
1505,Propriva,t198,30,56.92497431
1506,Propriva,t198,35,57.73594116
1507,Propriva,t198,40,59.12995997
1508,Propriva,t198,45,64.91136268
1509,Propriva,l215,0,45.0
1510,Propriva,l215,5,49.48194935
1511,Propriva,l215,10,53.653969599999996
1512,Propriva,s141,0,45.0
1513,Propriva,s141,5,45.83113434
1514,Propriva,s141,10,47.23569156
1515,Propriva,s141,15,49.23234538
1516,Propriva,s141,20,51.6216457
1517,Propriva,s141,25,53.80437038
1518,Propriva,s141,30,55.84141007
1519,Propriva,o523,0,45.0
1520,Propriva,o523,5,45.54470008
1521,Propriva,o523,10,47.0810859
1522,Propriva,i635,0,45.0
1523,Propriva,i635,5,47.23593715
1524,Propriva,i635,10,48.68575605
1525,Propriva,i635,15,49.53689775
1526,Propriva,i635,20,51.87706189
1527,Propriva,i635,25,52.92882323
1528,Propriva,i635,30,53.5970382
1529,Propriva,i635,35,55.67999656
1530,Propriva,i635,40,56.84243514
1531,Propriva,i635,45,58.63340414
1532,Propriva,w746,0,45.0
1533,Propriva,w746,5,49.45327005
1534,Propriva,r107,0,45.0
1535,Propriva,r107,5,48.51342027
1536,Propriva,r107,10,49.18601052
1537,Propriva,r107,15,53.09033546
1538,Propriva,r107,20,55.263858400000004
1539,Propriva,r107,25,57.70666715
1540,Propriva,r107,30,58.40647256
1541,Propriva,s187,0,45.0
1542,Propriva,s187,5,47.57671761
1543,Propriva,s187,10,48.14635121
1544,Propriva,s187,15,52.08163225
1545,Propriva,s187,20,53.74473406
1546,Propriva,s187,25,56.48521984
1547,Propriva,s187,30,60.00878263
1548,Propriva,g570,0,45.0
1549,Propriva,g570,5,47.65642436
1550,Propriva,g570,10,49.18823167
1551,Propriva,g570,15,52.6826954
1552,Propriva,g570,20,54.64329541
1553,Propriva,g570,25,56.8494056
1554,Propriva,g570,30,60.32871705
1555,Propriva,g570,35,62.3304204
1556,Propriva,g570,40,68.52585616
1557,Propriva,g570,45,70.49278763
1558,Propriva,x209,0,45.0
1559,Propriva,x209,5,46.75426887
1560,Propriva,x209,10,48.92989543
1561,Propriva,x111,0,45.0
1562,Propriva,x111,5,46.94101498
1563,Propriva,x111,10,49.12296898
1564,Propriva,z435,0,45.0
1565,Propriva,z435,5,47.11597963
1566,Propriva,z435,10,48.71066147
1567,Propriva,n678,0,45.0
1568,Propriva,n678,5,47.55428429
1569,Propriva,n678,10,49.14570866
1570,Propriva,g558,0,45.0
1571,Propriva,g558,5,46.18874193
1572,Propriva,g558,10,50.09475382
1573,Propriva,g558,15,51.007258
1574,Propriva,g558,20,55.09009691
1575,Propriva,g558,25,55.75408257
1576,Propriva,g558,30,58.95282911
1577,Propriva,g558,35,60.86215883
1578,Propriva,g558,40,61.77496268
1579,Propriva,u946,0,45.0
1580,Propriva,u946,5,45.9918078
1581,Propriva,u946,10,46.73050592
1582,Propriva,u946,15,47.67302921
1583,Propriva,u946,20,49.11004966
1584,Propriva,o562,0,45.0
1585,Propriva,o562,5,46.51495016
1586,Propriva,o562,10,47.14767002
1587,Propriva,o562,15,51.50508551
1588,Propriva,o562,20,53.61686347
1589,Propriva,o562,25,54.74273316
1590,Propriva,o562,30,59.65352453
1591,Propriva,o562,35,65.36076742
1592,Propriva,o562,40,71.17246321
1593,Propriva,o562,45,72.45542116
1594,Propriva,v991,0,45.0
1595,Propriva,v991,5,49.21432799
1596,Propriva,v991,10,52.6449057
1597,Propriva,v991,15,54.588591
1598,Propriva,v991,20,57.74069459
1599,Propriva,v991,25,60.01674733
1600,Propriva,v991,30,62.74364308
1601,Propriva,v991,35,63.89531294
1602,Propriva,v991,40,64.8511286
1603,Propriva,v991,45,70.16774899
1604,Propriva,c927,0,45.0
1605,Propriva,c927,5,46.35184205
1606,Propriva,c927,10,50.96529767
1607,Propriva,c927,15,53.26643087
1608,Propriva,c927,20,55.48168922
1609,Propriva,c927,25,56.54551947
1610,Propriva,c927,30,60.753924600000005
1611,Propriva,c927,35,61.87227365
1612,Propriva,c927,40,64.18322918
1613,Ceftamin,x226,0,45.0
1614,Ceftamin,p438,0,45.0
1615,Ceftamin,p438,5,46.82793418
1616,Ceftamin,p438,10,50.51749789
1617,Ceftamin,p438,15,52.19836818
1618,Ceftamin,p438,20,52.90529861
1619,Ceftamin,p438,25,54.51057493
1620,Ceftamin,p438,30,56.40642173
1621,Ceftamin,p438,35,57.53855546
1622,Ceftamin,p438,40,59.30528806
1623,Ceftamin,p438,45,61.43389223
1624,Ceftamin,b487,0,45.0
1625,Ceftamin,b487,5,46.21397739
1626,Ceftamin,b487,10,47.664387100000006
1627,Ceftamin,b487,15,51.68325586
1628,Ceftamin,b487,20,53.42766344
1629,Ceftamin,b487,25,56.05774909
1630,Ceftamin,o287,0,45.0
1631,Ceftamin,o287,5,45.58680362
1632,Ceftamin,o287,10,47.36020084
1633,Ceftamin,o287,15,48.67945261
1634,Ceftamin,o287,20,50.85614078
1635,Ceftamin,o287,25,52.06848642
1636,Ceftamin,o287,30,54.50300122
1637,Ceftamin,o287,35,55.11829029
1638,Ceftamin,o287,40,57.1971929
1639,Ceftamin,o287,45,59.74190064
1640,Ceftamin,q483,0,45.0
1641,Ceftamin,q483,5,46.77681624
1642,Ceftamin,q483,10,47.8391005
1643,Ceftamin,q483,15,48.4684826
1644,Ceftamin,q483,20,50.239855799999994
1645,Ceftamin,q483,25,52.43006649
1646,Ceftamin,q483,30,54.95222585
1647,Ceftamin,q483,35,59.25348433
1648,Ceftamin,q483,40,64.19234114
1649,Ceftamin,t573,0,45.0
1650,Infubinol,f345,0,45.0
1651,Infubinol,f345,5,45.5911466
1652,Infubinol,f345,10,47.22244619
1653,Infubinol,f345,15,48.35223854
1654,Infubinol,f345,20,49.61338303
1655,Infubinol,f345,25,53.0788944
1656,Infubinol,f345,30,54.36379731
1657,Infubinol,f345,35,56.52332726
1658,Infubinol,f345,40,58.31559250000001
1659,Infubinol,f345,45,60.91876652
1660,Ramicane,i334,0,45.0
1661,Ramicane,i334,5,41.02051821
1662,Ramicane,i334,10,41.63124731
1663,Ramicane,i334,15,39.15800115
1664,Ramicane,i334,20,39.687831700000004
1665,Ramicane,i334,25,38.24881732
1666,Ramicane,i334,30,39.00555435
1667,Ramicane,i334,35,39.7695521
1668,Ramicane,i334,40,40.44237037
1669,Ramicane,i334,45,36.37451039
1670,Ketapril,l264,0,45.0
1671,Ketapril,l264,5,46.66876646
1672,Ketapril,l264,10,50.65958094
1673,Capomulin,j246,0,45.0
1674,Capomulin,j246,5,45.64143788
1675,Capomulin,j246,10,46.408361299999996
1676,Capomulin,j246,15,43.31265415
1677,Capomulin,j246,20,44.02037009
1678,Capomulin,j246,25,44.55522595
1679,Capomulin,j246,30,38.04408202
1680,Capomulin,j246,35,38.75326548
1681,Capomulin,r554,0,45.0
1682,Capomulin,r554,5,45.78174579
1683,Capomulin,r554,10,39.0054935
1684,Capomulin,r554,15,35.46375763
1685,Capomulin,r554,20,36.01558858
1686,Capomulin,r554,25,33.89334515
1687,Capomulin,r554,30,32.68065459
1688,Capomulin,r554,35,33.06933705
1689,Capomulin,r554,40,31.80484133
1690,Capomulin,r554,45,32.37735684
1691,Capomulin,s185,0,45.0
1692,Capomulin,s185,5,43.87849569
1693,Capomulin,s185,10,37.61494768
1694,Capomulin,s185,15,38.17723195
1695,Capomulin,s185,20,36.86687576
1696,Capomulin,s185,25,33.94994037
1697,Capomulin,s185,30,32.95967078
1698,Capomulin,s185,35,28.32853059
1699,Capomulin,s185,40,25.47214326
1700,Capomulin,s185,45,23.34359787
1701,Capomulin,b742,0,45.0
1702,Capomulin,b742,5,41.53409702
1703,Capomulin,b742,10,41.99922813
1704,Capomulin,b742,15,39.52484301
1705,Capomulin,b742,20,37.95035546
1706,Capomulin,b742,25,38.61768433
1707,Capomulin,b742,30,39.1679495
1708,Capomulin,b742,35,39.84757556
1709,Capomulin,b742,40,38.255627399999995
1710,Capomulin,b742,45,38.93963263
1711,Capomulin,x401,0,45.0
1712,Capomulin,x401,5,45.47375302
1713,Capomulin,x401,10,39.11389068
1714,Capomulin,x401,15,39.77625003
1715,Capomulin,x401,20,36.06583471
1716,Capomulin,x401,25,36.61712031
1717,Capomulin,x401,30,32.91529186
1718,Capomulin,x401,35,30.20682488
1719,Capomulin,x401,40,28.16739732
1720,Capomulin,x401,45,28.48403281
1721,Capomulin,l509,0,45.0
1722,Capomulin,l509,5,45.85119285
1723,Capomulin,l509,10,46.75907363
1724,Capomulin,l509,15,47.48859931
1725,Capomulin,l509,20,48.07045162
1726,Capomulin,l509,25,44.00625702
1727,Capomulin,l509,30,44.70805473
1728,Capomulin,l509,35,40.207288500000004
1729,Capomulin,l509,40,40.77081259
1730,Capomulin,l509,45,41.48300765
1731,Capomulin,s710,0,45.0
1732,Capomulin,s710,5,43.180977399999996
1733,Capomulin,s710,10,43.68802627
1734,Capomulin,s710,15,41.84523536
1735,Capomulin,s710,20,42.62996266
1736,Capomulin,s710,25,43.06040875
1737,Capomulin,s710,30,43.57170323
1738,Capomulin,s710,35,44.16051879
1739,Capomulin,s710,40,40.17192011
1740,Capomulin,s710,45,40.72857787
1741,Capomulin,r157,0,45.0
1742,Capomulin,r157,5,45.59706359
1743,Capomulin,r157,10,46.05960827
1744,Capomulin,r157,15,46.53920617
1745,Capomulin,u364,0,45.0
1746,Capomulin,u364,5,45.76088647
1747,Capomulin,u364,10,46.56841719
1748,Capomulin,u364,15,47.21219992
1749,Capomulin,u364,20,40.34394812
1750,Capomulin,u364,25,35.50361557
1751,Capomulin,u364,30,35.9783344
1752,Capomulin,u364,35,35.45948978
1753,Capomulin,u364,40,36.02413752
1754,Capomulin,u364,45,31.02392294
1755,Capomulin,j119,0,45.0
1756,Capomulin,j119,5,45.83899787
1757,Capomulin,j119,10,46.42536551
1758,Capomulin,j119,15,47.32298428
1759,Capomulin,j119,20,48.15820939
1760,Capomulin,j119,25,42.41716589
1761,Capomulin,j119,30,43.01368114
1762,Capomulin,j119,35,43.76570537
1763,Capomulin,j119,40,44.5850896
1764,Capomulin,j119,45,38.125164399999996
1765,Capomulin,v923,0,45.0
1766,Capomulin,v923,5,45.70443431
1767,Capomulin,v923,10,39.84822328
1768,Capomulin,v923,15,40.45798877
1769,Capomulin,v923,20,39.64829568
1770,Capomulin,v923,25,40.15641269
1771,Capomulin,v923,30,40.75221626
1772,Capomulin,v923,35,41.43924156
1773,Capomulin,v923,40,42.1510148
1774,Capomulin,v923,45,40.65812366
1775,Capomulin,w914,0,45.0
1776,Capomulin,w914,5,45.89372032
1777,Capomulin,w914,10,43.23196275
1778,Capomulin,w914,15,43.68844893
1779,Capomulin,w914,20,41.10809233
1780,Capomulin,w914,25,40.29191661
1781,Capomulin,w914,30,40.99311013
1782,Capomulin,w914,35,41.66491577
1783,Capomulin,w914,40,35.61130861
1784,Capomulin,w914,45,36.04104736
1785,Capomulin,i738,0,45.0
1786,Capomulin,i738,5,45.59568527
1787,Capomulin,i738,10,43.42101414
1788,Capomulin,i738,15,37.97877782
1789,Capomulin,i738,20,38.53113634
1790,Capomulin,i738,25,34.97343761
1791,Capomulin,i738,30,35.57877987
1792,Capomulin,i738,35,36.17595269
1793,Capomulin,i738,40,36.84389799
1794,Capomulin,i738,45,37.31184577
1795,Capomulin,r944,0,45.0
1796,Capomulin,r944,5,45.73714484
1797,Capomulin,r944,10,46.54429202
1798,Capomulin,r944,15,47.37342325
1799,Capomulin,r944,20,43.22567119
1800,Capomulin,r944,25,41.08699106
1801,Capomulin,r944,30,41.68079111
1802,Capomulin,r944,35,40.40176542
1803,Capomulin,r944,40,41.04204489999999
1804,Capomulin,r944,45,41.58152074
1805,Capomulin,y793,0,45.0
1806,Capomulin,y793,5,41.01991315
1807,Capomulin,y793,10,41.63001026
1808,Capomulin,y793,15,42.28366512
1809,Capomulin,y793,20,40.71642815
1810,Capomulin,y793,25,38.9927339
1811,Capomulin,y793,30,35.72602314
1812,Capomulin,y793,35,36.3278696
1813,Capomulin,y793,40,31.47541076
1814,Capomulin,y793,45,31.896238399999998
1815,Capomulin,g316,0,45.0
1816,Capomulin,g316,5,44.02275246
1817,Capomulin,g316,10,44.50204246
1818,Capomulin,g316,15,45.21674299
1819,Capomulin,g316,20,45.93332219
1820,Capomulin,g316,25,46.80922469
1821,Capomulin,g316,30,44.22147988
1822,Capomulin,g316,35,44.70283296
1823,Capomulin,g316,40,45.56582103
1824,Capomulin,g316,45,40.1592203
1825,Capomulin,g288,0,45.0
1826,Capomulin,g288,5,45.83939976
1827,Capomulin,g288,10,46.30400254
1828,Capomulin,g288,15,42.17230079
1829,Capomulin,g288,20,42.95712001
1830,Capomulin,g288,25,42.36869239
1831,Capomulin,g288,30,42.87446056
1832,Capomulin,g288,35,38.95411458
1833,Capomulin,g288,40,36.35685121
1834,Capomulin,g288,45,37.07402422
1835,Capomulin,l897,0,45.0
1836,Capomulin,l897,5,45.46224327
1837,Capomulin,l897,10,46.15473721
1838,Capomulin,l897,15,44.0615214
1839,Capomulin,l897,20,44.81309343
1840,Capomulin,l897,25,45.35467916
1841,Capomulin,l897,30,39.35279201
1842,Capomulin,l897,35,37.68276664
1843,Capomulin,l897,40,38.34390154
1844,Capomulin,l897,45,38.84687569
1845,Capomulin,w150,0,45.0
1846,Capomulin,w150,5,39.20212894
1847,Capomulin,w150,10,39.95234669
1848,Capomulin,t565,0,45.0
1849,Capomulin,t565,5,45.8956472
1850,Capomulin,t565,10,46.74900552
1851,Capomulin,t565,15,44.44094861
1852,Capomulin,t565,20,39.0702138
1853,Capomulin,t565,25,37.34220976
1854,Capomulin,t565,30,32.86891617
1855,Capomulin,t565,35,33.51567063
1856,Capomulin,t565,40,33.94934131
1857,Capomulin,t565,45,34.45529799
1858,Capomulin,i557,0,45.0
1859,Capomulin,i557,5,42.2616653
1860,Capomulin,i557,10,42.99207658
1861,Capomulin,i557,15,43.529875700000005
1862,Capomulin,i557,20,43.96789516
1863,Capomulin,i557,25,44.59621854
1864,Capomulin,i557,30,45.26138381
1865,Capomulin,i557,35,45.94194901
1866,Capomulin,i557,40,46.82106972
1867,Capomulin,i557,45,47.68596303
1868,Capomulin,m957,0,45.0
1869,Capomulin,m957,5,45.62238149
1870,Capomulin,m957,10,46.414517700000005
1871,Capomulin,m957,15,39.80445341
1872,Capomulin,m957,20,38.90934919
1873,Capomulin,m957,25,37.69543154
1874,Capomulin,m957,30,38.21247939
1875,Capomulin,m957,35,32.56283914
1876,Capomulin,m957,40,32.94761484
1877,Capomulin,m957,45,33.32909778
1878,Capomulin,f966,0,45.0
1879,Capomulin,f966,5,38.79647373
1880,Capomulin,f966,10,35.6244027
1881,Capomulin,f966,15,32.62300253
1882,Capomulin,f966,20,30.48598484
1883,Capomulin,m601,0,45.0
1884,Capomulin,m601,5,41.40859145
1885,Capomulin,m601,10,36.82536664
1886,Capomulin,m601,15,35.46461175
1887,Capomulin,m601,20,34.255731700000005
1888,Capomulin,m601,25,33.11875607
1889,Capomulin,m601,30,31.75827491
1890,Capomulin,m601,35,30.83435704
1891,Capomulin,m601,40,31.378045299999997
1892,Capomulin,m601,45,28.43096411
